{
	"id": "sta2e_v13",
	"title": "Star Trek Adventures (2nd Edition) V13",
	"description": "An -UNOFFICIAL- rendition of the Modiphius TTRPG System. Updated to v13",
	"version": "1.0.8",
	"compatibility": {
		"minimum": "13",
		"verified": "13"
	},

	"authors": [
		{
			"name": "ELH",
			"discord": "elhmk1",
			"url": "https://github.com/ELH-mk1"
		},
		{
			"name": "Andoras",
			"discord": "andorasde",
			"url": "https://github.com/AndorasLP"
		}
	],
	"esmodules": [ "module/sta.js" ],
	"socket": true,
	"styles": [ "sta.css", "sta_fabulist.css" ],

	"languages": [
		{
			"lang": "en",
			"name": "English",
			"path": "lang/en.json",
			"flags": {}
		},
		{
			"lang": "es",
			"name": "Spanish",
			"path": "lang/es.json",
			"flags": {}
		},
		{
			"lang": "de",
			"name": "German",
			"path": "lang/de.json",
			"flags": {}
		},
		{
			"lang": "fr",
			"name": "French",
			"path": "lang/fr.json",
			"flags": {}
		},
		{
			"lang": "pt-BR",
			"name": "Português (Brasil)",
			"path": "lang/pt.json",
			"flags": {}
		}
	],
	"grid": {
		"distance": 5,
		"units": "m"
	},
	"primaryTokenAttribute": "stress",
	"secondaryTokenAttribute": "determination",
	"url": "https://github.com/AndorasLP/sta2e",
	"background": "systems/sta2e/assets/splash.webp",
	"manifest": "https://raw.githubusercontent.com/AndorasLP/sta2e/refs/heads/main/src/system.json",
	"download": "https://github.com/AndorasLP/sta2e/raw/refs/heads/main/package/sta2e-1.0.8.zip"
}
